Workbook

Sheet Resumo
A1: Resumo e métricas: OpenApiEvaluator
A2: Execução dos casos
A3: Casos projetados | B3: =COUNTA('Matriz de casos'!A5:A32) -> 28
A4: Casos executados | B4: =COUNTIF('Matriz de casos'!J5:J32,"PASS")+COUNTIF('Matriz de casos'!J5:J32,"FAIL") -> 28
A5: PASS | B5: =COUNTIF('Matriz de casos'!J5:J32,"PASS") -> 26
A6: FAIL | B6: =COUNTIF('Matriz de casos'!J5:J32,"FAIL") -> 2
A7: Taxa de execução | B7: =IF(B3=0,0,B4/B3) -> 1
A8: Taxa de aprovação | B8: =IF(B4=0,0,B5/B4) -> 0.92857143
A9: Regras (oráculos) | B9: =COUNTA(Oráculos!A5:A16) -> 12
A10: Regras cobertas por ao menos um caso | B10: =COUNTIF(Oráculos!D5:D16,">0") -> 12
A11: Regras com divergência (FAIL) | B11: =COUNTIF(Oráculos!F5:F16,">0") -> 2
A13: Cobertura JaCoCo: validate(OpenAPI) | B13: Cobertos | C13: Total | D13: % coberto
A14: Instruções | B14: 100% | C14: (relatório por método mostra só %)
A15: Desvios (branches) | B15: 100% | C15: (relatório por método mostra só %)
A16: Complexidade ciclomática (JaCoCo) | B16: 18 | C16: 18 | D16: =IF(C16=0,0,B16/C16) -> 1
A18: Cobertura JaCoCo: classe OpenApiEvaluator | B18: Cobertos | C18: Total | D18: % coberto
A19: Instruções | B19: 319 | C19: 325 | D19: =IF(C19=0,0,B19/C19) -> 0.98153846
A20: Desvios (branches) | B20: 41 | C20: 42 | D20: =IF(C20=0,0,B20/C20) -> 0.97619048
A21: Linhas | B21: 69 | C21: 70 | D21: =IF(C21=0,0,B21/C21) -> 0.98571429
A22: Métodos (inclui lambdas) | B22: 9 | C22: 12 | D22: =IF(C22=0,0,B22/C22) -> 0.75
A25: Fonte das métricas de cobertura: relatório JaCoCo 0.8.12 gerado em 12/10/2026 em modules/openapi-generator/target/site/jacoco/ (jacoco.csv e OpenApiEvaluator.html), executando somente a suíte OpenApiEvaluatorJUnitTest. Valores copiados manualmente do relatório.
A26: Itens não cobertos: 3 lambdas de regra (ValidationRule.create/warn) que nunca são avaliadas e o ramo "op == null", que readOperationsMap() não produz; ambos são inalcançáveis pela interface pública.
A27: As métricas de execução (linhas 3–11) são fórmulas sobre as abas "Matriz de casos" e "Oráculos" e se atualizam ao alterar a coluna Status.

Sheet Oráculos
A1: Oráculos: OpenApiEvaluator.validate(OpenAPI)
A2: Regras usadas como base do resultado esperado. As colunas D–F são calculadas a partir da aba "Matriz de casos". Recomendações são avisos de boas práticas emitidos somente quando a configuração as habilita.
A4: ID | B4: Regra (comportamento esperado) | C4: Fonte / fundamentação | D4: Nº de casos | E4: PASS | F4: FAIL
A5: R01 | B5: Especificação nula: validate(null) retorna ValidationResult vazio, sem exceção e sem consultar a configuração. | C5: Requisito de robustez definido pelo grupo; Javadoc de validate(OpenAPI): "resulting in a instance of ValidationResult". | D5: =COUNTIF('Matriz de casos'!$C:$C,A5) -> 1 | E5: =COUNTIFS('Matriz de casos'!$C:$C,A5,'Matriz de casos'!$J:$J,"PASS") -> 1 | F5: =COUNTIFS('Matriz de casos'!$C:$C,A5,'Matriz de casos'!$J:$J,"FAIL") -> 0
A6: R02 | B6: Esquema não utilizado: com a regra ativa, um aviso "Unused model: <nome>" por esquema não referenciado; esquema referenciado ou regra desativada não geram aviso. | C6: Regra "Unused schema" ("A schema was determined to be unused.") em OpenApiEvaluator; chave openapi.generator.rule.unused-schemas em RuleConfiguration. | D6: =COUNTIF('Matriz de casos'!$C:$C,A6) -> 3 | E6: =COUNTIFS('Matriz de casos'!$C:$C,A6,'Matriz de casos'!$J:$J,"PASS") -> 3 | F6: =COUNTIFS('Matriz de casos'!$C:$C,A6,'Matriz de casos'!$J:$J,"FAIL") -> 0
A7: R03 | B7: Chave global (enableRecommendations, que liga ou desliga todas as recomendações): com enableRecommendations = false, nenhuma recomendação é emitida, qualquer que seja o valor das chaves individuais. | C7: Chave openapi.generator.rule.recommendations (RuleConfiguration); docs/usage.md: validate "optionally providing recommendations" (opção --recommend); Validate.java desliga as recomendações sem --recommend. | D7: =COUNTIF('Matriz de casos'!$C:$C,A7) -> 1 | E7: =COUNTIFS('Matriz de casos'!$C:$C,A7,'Matriz de casos'!$J:$J,"PASS") -> 0 | F7: =COUNTIFS('Matriz de casos'!$C:$C,A7,'Matriz de casos'!$J:$J,"FAIL") -> 1
A8: R04 | B8: Default fora do enum: aviso somente se enum não nulo e não vazio, default não nulo e default não pertence ao enum; exige a chave global e a específica ativas. | C8: Regra "Schema has default value not in enum" e chave openapi.generator.rule.default-not-in-enum; semântica de enum/default do JSON Schema adotado pelo OpenAPI 3.0. | D8: =COUNTIF('Matriz de casos'!$C:$C,A8) -> 5 | E8: =COUNTIFS('Matriz de casos'!$C:$C,A8,'Matriz de casos'!$J:$J,"PASS") -> 5 | F8: =COUNTIFS('Matriz de casos'!$C:$C,A8,'Matriz de casos'!$J:$J,"FAIL") -> 0
A9: R05 | B9: R04 também vale para esquemas inline em request bodies e respostas de operações. | C9: Comentário em OpenApiEvaluator: "Uses getAllSchemasInDocument to also cover inline schemas in path operations". | D9: =COUNTIF('Matriz de casos'!$C:$C,A9) -> 1 | E9: =COUNTIFS('Matriz de casos'!$C:$C,A9,'Matriz de casos'!$J:$J,"PASS") -> 1 | F9: =COUNTIFS('Matriz de casos'!$C:$C,A9,'Matriz de casos'!$J:$J,"FAIL") -> 0
A10: R06 | B10: A pertinência do default ao enum é avaliada por valor: números matematicamente iguais (1.5 e 1.50) são iguais. | C10: JSON Schema (igualdade de instâncias): dois números são iguais se têm o mesmo valor matemático. | D10: =COUNTIF('Matriz de casos'!$C:$C,A10) -> 1 | E10: =COUNTIFS('Matriz de casos'!$C:$C,A10,'Matriz de casos'!$J:$J,"PASS") -> 0 | F10: =COUNTIFS('Matriz de casos'!$C:$C,A10,'Matriz de casos'!$J:$J,"FAIL") -> 1
A11: R07 | B11: Parâmetros do path item, da operação e de components/parameters são validados; header com "_" gera aviso; parâmetro de query com "_" não gera. | C11: Comentários em OpenApiEvaluator ("parameters defined globally" / "on each operation method"); ValidationConstants.ApacheNginxUnderscore*; Javadoc de apacheNginxHeaderCheck (trata apenas HeaderParameter). | D11: =COUNTIF('Matriz de casos'!$C:$C,A11) -> 4 | E11: =COUNTIFS('Matriz de casos'!$C:$C,A11,'Matriz de casos'!$J:$J,"PASS") -> 4 | F11: =COUNTIFS('Matriz de casos'!$C:$C,A11,'Matriz de casos'!$J:$J,"FAIL") -> 0
A12: R08 | B12: Parâmetro com $ref é resolvido para a definição em components antes de ser validado. | C12: Especificação OpenAPI 3.0 (Reference Object); uso de ModelUtils.getReferencedParameter em validate. | D12: =COUNTIF('Matriz de casos'!$C:$C,A12) -> 1 | E12: =COUNTIFS('Matriz de casos'!$C:$C,A12,'Matriz de casos'!$J:$J,"PASS") -> 1 | F12: =COUNTIFS('Matriz de casos'!$C:$C,A12,'Matriz de casos'!$J:$J,"FAIL") -> 0
A13: R09 | B13: Cada operação não nula é validada; GET/HEAD com request body gera aviso de anti-pattern; POST com body não gera. | C13: Javadoc de OpenApiOperationValidations.checkAntipatternGetOrHeadWithBody; RFC 7231 §4.3.1. | D13: =COUNTIF('Matriz de casos'!$C:$C,A13) -> 2 | E13: =COUNTIFS('Matriz de casos'!$C:$C,A13,'Matriz de casos'!$J:$J,"PASS") -> 2 | F13: =COUNTIFS('Matriz de casos'!$C:$C,A13,'Matriz de casos'!$J:$J,"FAIL") -> 0
A14: R10 | B14: Cada security scheme é validado; apiKey em header com "_" gera aviso; mapa vazio ou ausente não gera. | C14: Javadoc de OpenApiSecuritySchemeValidations.apacheNginxHeaderCheck. | D14: =COUNTIF('Matriz de casos'!$C:$C,A14) -> 2 | E14: =COUNTIFS('Matriz de casos'!$C:$C,A14,'Matriz de casos'!$J:$J,"PASS") -> 2 | F14: =COUNTIFS('Matriz de casos'!$C:$C,A14,'Matriz de casos'!$J:$J,"FAIL") -> 0
A15: R11 | B15: Tags: um único aviso "Duplicated tag(s): ..." quando há nomes repetidos, citando cada nome duplicado uma vez; 0, 1 ou tags distintas não geram aviso. | C15: Especificação OpenAPI 3.0.x, campo tags: "Each tag name in the list MUST be unique" (citado no código). | D15: =COUNTIF('Matriz de casos'!$C:$C,A15) -> 4 | E15: =COUNTIFS('Matriz de casos'!$C:$C,A15,'Matriz de casos'!$J:$J,"PASS") -> 4 | F15: =COUNTIFS('Matriz de casos'!$C:$C,A15,'Matriz de casos'!$J:$J,"FAIL") -> 0
A16: R12 | B16: Seções ausentes (paths, components, tags) não causam exceção; o resultado agrega os avisos de todas as validações. | C16: Javadoc de validate(OpenAPI): "details on all validations performed (success, error, warning)". | D16: =COUNTIF('Matriz de casos'!$C:$C,A16) -> 3 | E16: =COUNTIFS('Matriz de casos'!$C:$C,A16,'Matriz de casos'!$J:$J,"PASS") -> 3 | F16: =COUNTIFS('Matriz de casos'!$C:$C,A16,'Matriz de casos'!$J:$J,"FAIL") -> 0

Sheet Matriz de casos
A1: Matriz de casos: OpenApiEvaluatorJUnitTest (JUnit 5 + Mockito)
A2: Executada em 12/10/2026 via Maven (Surefire 3.2.5), commit ef964b04480889ef86b56cfae84ade8ad4c91c41. Coluna K: issues abertas no repositório oficial do OpenAPI Generator.
A4: ID | B4: Grupo | C4: Regra | D4: Técnica | E4: Dublê (Mockito) | F4: Configuração | G4: Entrada | H4: Resultado esperado | I4: Resultado obtido | J4: Status | K4: Issue | L4: Método JUnit
A5: CT-OE-01 | B5: Entrada e configuração | C5: R01 | D5: Partição: entrada inválida (nula) | E5: Mock RuleConfiguration (verifyNoInteractions) | F5: Configuração mockada sem stubs | G5: validate(null) | H5: ValidationResult vazio; nenhuma consulta à configuração | I5: Resultado vazio; nenhuma interação com o mock | J5: PASS | L5: ct01NullSpecificationReturnsEmptyResult
A6: CT-OE-02 | B6: Entrada e configuração | C6: R12 | D6: Partição: especificação válida mínima | E6: Nenhum (RuleConfiguration real) | F6: Todas as regras ativas (enableRecommendations = true) | G6: OpenAPI 3.0.1 sem paths, components e tags | H6: Sem exceção; 0 erros e 0 avisos | I6: Sem exceção; 0 erros e 0 avisos | J6: PASS | L6: ct02EmptySpecificationWithAllRulesEnabled
A7: CT-OE-03 | B7: Entrada e configuração | C7: R12 | D7: Partição: seções ausentes | E7: Mock OpenAPI (getters nulos) + Mock RuleConfiguration; verify(atLeastOnce) | F7: Todas as chaves = true | G7: OpenAPI mockado: getPaths/getComponents/getTags = null | H7: Sem exceção; resultado vazio; paths, components e tags consultados | I7: Sem exceção; resultado vazio; getters consultados | J7: PASS | L7: ct03MockedSpecificationWithoutSectionsIsHandled
A8: CT-OE-04 | B8: Esquemas não utilizados | C8: R02 | D8: Partição: esquema não referenciado | E8: Mock RuleConfiguration | F8: recommendations = true; unused-schemas = true | G8: components/schemas: Orphan (não referenciado) | H8: 1 aviso "Unused model: Orphan" | I8: 1 aviso "Unused model: Orphan" | J8: PASS | L8: ct04UnusedSchemaIsReported
A9: CT-OE-05 | B9: Esquemas não utilizados | C9: R02 | D9: Partição: esquema referenciado | E9: Mock RuleConfiguration | F9: recommendations = true; unused-schemas = true | G9: Pet referenciado via $ref na resposta 200 de GET /pets | H9: Nenhum aviso "Unused model" | I9: Nenhum aviso | J9: PASS | L9: ct05ReferencedSchemaIsNotReported
A10: CT-OE-06 | B10: Esquemas não utilizados | C10: R02 | D10: Partição: regra individual desativada | E10: Mock RuleConfiguration (verify da chave consultada) | F10: recommendations = true; unused-schemas = false | G10: Orphan (não referenciado) | H10: Nenhum aviso; chave unused-schemas consultada | I10: Nenhum aviso; chave consultada | J10: PASS | L10: ct06UnusedSchemaRuleDisabled
A11: CT-OE-07 | B11: Esquemas não utilizados | C11: R03 | D11: Partição: chave global desativada | E11: Mock RuleConfiguration | F11: recommendations = false; unused-schemas = true | G11: Orphan (não referenciado) | H11: Nenhum aviso (recomendações desligadas) | I11: 1 aviso "Unused model: Orphan" | J11: FAIL | K11: #25232 | L11: ct07GlobalRecommendationsOffSuppressUnusedSchema
A12: CT-OE-08 | B12: Default fora do enum | C12: R04 | D12: Partição: default fora do enum | E12: Mock RuleConfiguration | F12: recommendations = true; default-not-in-enum = true | G12: enum [udp, tcp]; default "http" | H12: 1 aviso contendo 'http' e [udp, tcp] | I12: 1 aviso "Schema has default value 'http' not in enum [udp, tcp]" | J12: PASS | L12: ct08DefaultNotInEnumIsReported
A13: CT-OE-09 | B13: Default fora do enum | C13: R04 | D13: Partição: default no enum | E13: Mock RuleConfiguration | F13: recommendations = true; default-not-in-enum = true | G13: enum [udp, tcp]; default "tcp" | H13: Nenhum aviso | I13: Nenhum aviso | J13: PASS | L13: ct09DefaultInEnum
A14: CT-OE-10 | B14: Default fora do enum | C14: R04 | D14: Valor-limite: enum vazio | E14: Mock RuleConfiguration | F14: recommendations = true; default-not-in-enum = true | G14: enum []; default "http" | H14: Nenhum aviso | I14: Nenhum aviso | J14: PASS | L14: ct10EmptyEnum
A15: CT-OE-11 | B15: Default fora do enum | C15: R04 | D15: Valor-limite: default nulo | E15: Mock RuleConfiguration | F15: recommendations = true; default-not-in-enum = true | G15: enum [udp]; default null | H15: Nenhum aviso | I15: Nenhum aviso | J15: PASS | L15: ct11NullDefault
A16: CT-OE-12 | B16: Default fora do enum | C16: R04 | D16: Partição: chave global desativada | E16: Mock RuleConfiguration (verify never) | F16: recommendations = false; default-not-in-enum = true | G16: enum [udp]; default "http" | H16: Nenhum aviso; chave default-not-in-enum não consultada | I16: Nenhum aviso; chave não consultada | J16: PASS | L16: ct12DefaultNotInEnumWithRecommendationsOff
A17: CT-OE-13 | B17: Default fora do enum | C17: R05 | D17: Partição: esquema inline em operação | E17: Mock RuleConfiguration | F17: recommendations = true; default-not-in-enum = true | G17: POST /items com body inline: enum [udp, tcp], default "http" | H17: 1 aviso contendo 'http' | I17: 1 aviso contendo 'http' | J17: PASS | L17: ct13DefaultNotInEnumInlineRequestBody
A18: CT-OE-14 | B18: Default fora do enum | C18: R06 | D18: Partição: número igual com escala diferente | E18: Mock RuleConfiguration | F18: recommendations = true; default-not-in-enum = true | G18: NumberSchema: enum [1.5]; default 1.50 (BigDecimal) | H18: Nenhum aviso (1.50 = 1.5) | I18: 1 aviso "Schema has default value '1.50' not in enum [1.5]" | J18: FAIL | K18: #25233 | L18: ct14NumericDefaultComparedByValue
A19: CT-OE-15 | B19: Parâmetros | C19: R07 | D19: Partição: header na operação | E19: Mock RuleConfiguration | F19: recommendations = true; apache-nginx-underscore = true | G19: GET /items com header X_Token | H19: 1 aviso "X_Token contains an underscore." | I19: 1 aviso | J19: PASS | L19: ct15UnderscoreHeaderOnOperation
A20: CT-OE-16 | B20: Parâmetros | C20: R07 | D20: Partição: header no path item | E20: Mock RuleConfiguration | F20: recommendations = true; apache-nginx-underscore = true | G20: Path item /items com header X_Token | H20: 1 aviso "X_Token contains an underscore." | I20: 1 aviso | J20: PASS | L20: ct16UnderscoreHeaderOnPathItem
A21: CT-OE-17 | B21: Parâmetros | C21: R07 | D21: Partição: header em components | E21: Mock RuleConfiguration | F21: recommendations = true; apache-nginx-underscore = true | G21: components/parameters: TokenHeader (X_Token) | H21: 1 aviso "X_Token contains an underscore." | I21: 1 aviso | J21: PASS | L21: ct17UnderscoreHeaderInComponents
A22: CT-OE-18 | B22: Parâmetros | C22: R08 | D22: Partição: parâmetro por $ref | E22: Mock RuleConfiguration | F22: recommendations = true; apache-nginx-underscore = true | G22: GET /items com $ref para components/parameters/TokenHeader (X_Token) | H22: 2 avisos para X_Token (o $ref resolvido na operação e a definição em components) | I22: 2 avisos | J22: PASS | L22: ct18ReferencedParameterIsResolved
A23: CT-OE-19 | B23: Parâmetros | C23: R07 | D23: Partição: parâmetro fora de header | E23: Mock RuleConfiguration | F23: recommendations = true; apache-nginx-underscore = true | G23: GET /items com query page_size | H23: Nenhum aviso | I23: Nenhum aviso | J23: PASS | L23: ct19UnderscoreQueryParameterIgnored
A24: CT-OE-20 | B24: Operações | C24: R09 | D24: Partição: GET com body | E24: Mock RuleConfiguration | F24: recommendations = true; uri-unexpected-body = true | G24: GET /search (operationId search) com request body | H24: 1 aviso de anti-pattern com detalhe "GET search ..." | I24: 1 aviso de anti-pattern | J24: PASS | L24: ct20GetWithBodyIsReported
A25: CT-OE-21 | B25: Operações | C25: R09 | D25: Partição: POST com body | E25: Mock RuleConfiguration | F25: recommendations = true; uri-unexpected-body = true | G25: POST /items com request body | H25: Nenhum aviso | I25: Nenhum aviso | J25: PASS | L25: ct21PostWithBodyIsAccepted
A26: CT-OE-22 | B26: Security schemes | C26: R10 | D26: Partição: apiKey em header com "_" | E26: Mock RuleConfiguration | F26: recommendations = true; apache-nginx-underscore = true | G26: apiKey in header, name api_key | H26: 1 aviso "api_key contains an underscore." | I26: 1 aviso | J26: PASS | L26: ct22UnderscoreApiKeyHeader
A27: CT-OE-23 | B27: Security schemes | C27: R10 | D27: Valor-limite: mapa vazio | E27: Mock RuleConfiguration | F27: recommendations = true; apache-nginx-underscore = true | G27: components.securitySchemes = {} | H27: Nenhum resultado | I27: Nenhum resultado | J27: PASS | L27: ct23EmptySecuritySchemes
A28: CT-OE-24 | B28: Tags | C28: R11 | D28: Valor-limite: tags nulas e lista vazia | E28: Mock RuleConfiguration | F28: Nenhuma regra opcional ativa | G28: tags = null; tags = [] | H28: Nenhum aviso de tags duplicadas | I28: Nenhum aviso | J28: PASS | L28: ct24NullOrEmptyTags
A29: CT-OE-25 | B29: Tags | C29: R11 | D29: Valor-limite: uma tag | E29: Mock RuleConfiguration | F29: Nenhuma regra opcional ativa | G29: tags = [pet] | H29: Nenhum aviso | I29: Nenhum aviso | J29: PASS | L29: ct25SingleTag
A30: CT-OE-26 | B30: Tags | C30: R11 | D30: Partição: tags distintas | E30: Mock RuleConfiguration | F30: Nenhuma regra opcional ativa | G30: tags = [pet, store] | H30: Nenhum aviso | I30: Nenhum aviso | J30: PASS | L30: ct26DistinctTags
... A32: CT-OE-28 | B32: Agregação | C32: R12 | D32: Combinação de violações | E32: Mock RuleConfiguration | F32: recommendations = true; unused-schemas = true; uri-unexpected-body = true | G32: Orphan não usado + GET /search com body + tags [pet, pet] | H32: 3 avisos (Unused model, anti-pattern, Duplicated tag(s): pet) e 0 erros | I32: 3 avisos e 0 erros | J32: PASS | L32: ct28ResultsAreAggregated
